match_id,player_id,goal,pass_acc,assist,playtime
17,279,1,62.11,1,90
31,54,3,90.74,0,90
10,134,3,85.65,2,90
30,266,1,79.51,1,90
39,500,3,98.34,2,90
38,59,2,77.14,1,90
20,48,3,68.02,1,90
32,446,0,92.97,0,90
2,143,1,64.97,2,90
10,132,2,82.27,2,90
29,379,3,64.6,1,90
23,459,0,72.66,2,90
28,495,1,74.87,2,90
38,518,3,80.85,2,90
9,134,3,67.2,0,90
12,105,0,60.81,1,90
31,99,3,89.55,2,90
1,91,1,77.49,1,90
22,395,2,74.13,1,90
4,203,2,69.31,0,90
15,275,1,65.46,1,90
16,286,1,79.08,2,90
3,501,0,86.75,2,90
5,63,1,91.39,0,90
3,484,2,79.33,1,90
17,63,0,92.59,0,90
10,432,2,86.58,0,90
36,32,0,89.86,0,90
18,232,3,95.59,2,90
15,310,2,89.31,0,90
30,94,2,73.37,2,90
17,431,1,67.95,1,90
26,322,0,89.89,1,90
25,169,1,82.51,1,90
5,352,1,78.0,1,90
1,509,1,74.29,0,90
11,103,1,84.58,0,90
27,211,1,94.03,1,90
20,401,0,79.94,2,90
36,314,1,82.26,0,90
36,46,2,83.12,1,90
33,16,1,74.45,1,90
21,405,1,76.65,2,90
36,516,1,92.63,1,90
22,64,2,83.5,0,90
23,426,3,63.17,0,90
4,344,2,65.11,0,90
10,68,0,98.33,0,90
13,218,3,67.7,2,90
7,288,2,67.09,0,90
19,12,1,91.65,2,90
34,360,1,64.68,2,90
5,8,0,64.17,1,90
33,327,0,68.37,1,90
29,132,1,84.91,1,90
36,78,2,68.86,0,90
20,510,0,83.08,0,90
35,278,2,88.59,0,90
32,73,1,97.24,1,90
27,132,3,81.43,1,90
21,405,0,65.28,2,90
32,394,1,68.77,2,90
14,298,2,65.04,1,90
8,50,2,76.75,0,90
31,495,0,88.87,1,90
16,61,0,78.62,0,90
11,239,1,99.43,2,90
19,498,0,66.84,0,90
1,15,2,69.64,0,90
2,449,3,90.56,2,90
31,357,0,80.74,2,90
20,340,2,85.51,0,90
31,62,0,99.83,0,90
21,508,0,94.35,2,90
20,475,0,77.02,1,90
2,252,1,86.21,2,90
36,479,2,72.14,2,90
39,111,3,60.81,2,90
20,275,2,91.34,1,90
23,134,2,88.15,1,90
21,162,2,93.45,0,90
7,439,0,99.47,0,90
3,65,3,98.68,2,90
2,493,0,74.72,1,90
10,372,3,93.37,1,90
15,370,1,98.5,2,90
9,223,3,89.8,1,90
10,283,2,99.38,0,90
34,331,0,74.31,0,90
5,420,3,85.26,2,90
10,252,1,69.88,1,90
6,313,1,93.07,0,90
15,287,0,74.01,2,90
14,274,3,70.11,1,90
30,224,2,93.05,1,90
38,65,1,77.54,1,90
37,25,0,81.69,2,90
10,389,0,64.83,0,90
1,268,0,87.91,1,90
24,277,2,82.01,0,90
38,436,0,87.0,1,90
33,67,2,88.48,2,90
38,230,0,67.16,2,90
40,288,0,98.8,1,90
32,278,0,93.38,0,90
35,462,1,64.43,0,90
5,506,0,60.29,1,90
3,73,0,94.22,1,90
4,260,0,97.24,1,90
22,107,1,84.59,1,90
5,305,1,89.53,2,90
31,386,2,77.4,1,90
30,397,1,76.2,1,90
2,226,1,66.3,1,90
26,327,0,80.25,2,90
20,318,2,71.72,0,90
35,389,3,87.26,0,90
25,28,1,85.96,0,90
9,303,1,66.64,0,90
5,43,1,79.08,1,90
39,87,1,81.96,2,90
21,403,2,63.38,0,90
32,267,0,87.73,0,90
22,421,2,99.43,0,90
34,348,0,60.66,0,90
5,291,2,68.77,1,90
38,279,2,88.57,0,90
40,190,1,76.76,1,90
30,473,0,81.6,1,90
21,365,3,85.74,0,90
2,140,3,75.79,2,90
21,139,3,62.52,0,90
1,417,0,73.63,1,90
25,370,2,61.71,1,90
5,489,2,98.76,2,90
7,253,0,84.72,0,90
26,259,2,97.55,2,90
11,213,1,97.18,0,90
13,208,2,99.47,1,90
5,348,1,71.85,2,90
23,273,3,80.89,0,90
23,127,2,84.14,2,90
2,142,2,76.31,0,90
12,5,3,78.6,0,90
16,401,0,69.87,0,90
2,260,0,97.63,2,90
29,398,0,90.79,2,90
2,371,1,79.58,0,90
6,102,1,76.95,2,90
33,108,0,75.1,1,90
23,60,3,98.43,2,90
22,335,1,61.38,1,90
31,162,3,80.86,2,90
7,417,3,98.59,0,90
13,439,0,83.77,1,90
39,231,1,88.3,1,90
3,1,0,85.23,1,90
37,108,2,95.86,2,90
9,424,2,88.48,2,90
23,50,1,93.83,1,90
15,232,1,87.12,2,90
3,515,1,81.39,0,90
28,501,3,78.69,2,90
2,81,2,98.53,1,90
9,125,0,92.49,0,90
8,470,2,88.92,0,90
1,88,2,96.01,1,90
24,40,1,99.44,1,90
34,197,0,91.9,1,90
9,49,0,84.32,1,90
15,148,1,65.31,2,90
4,460,0,67.96,1,90
4,463,2,62.66,0,90
15,51,1,67.19,1,90
20,292,2,94.68,0,90
31,70,1,90.13,0,90
25,12,2,90.35,1,90
19,505,2,94.31,1,90
4,434,1,61.71,0,90
17,180,2,69.19,2,90
20,237,0,82.16,2,90
17,234,3,65.03,0,90
20,16,1,61.88,0,90
29,471,1,91.98,0,90
17,78,1,94.99,1,90
13,128,2,67.78,0,90
29,290,3,90.57,0,90
16,433,2,96.66,0,90
35,172,2,77.13,0,90
36,527,3,70.2,1,90
15,482,1,89.34,1,90
1,212,2,71.37,0,90
22,189,0,61.66,1,90
26,328,2,93.87,1,90
6,361,0,87.35,0,90
37,434,3,94.49,2,90
14,407,0,93.45,1,90
16,221,2,94.59,1,90
13,414,2,88.94,2,90
5,304,3,88.99,1,90
12,113,3,93.85,2,90
39,305,1,74.14,2,90
6,461,1,99.48,1,90
30,396,2,81.07,0,90
25,388,0,88.14,2,90
29,356,1,61.95,0,90
5,311,1,64.89,2,90
25,343,1,76.17,1,90
38,254,1,61.74,0,90
1,480,0,61.5,1,90
5,236,0,69.12,0,90
12,284,1,85.88,0,90
39,310,2,80.61,0,90
10,216,2,60.18,0,90
20,512,1,69.42,2,90
28,206,2,88.78,2,90
4,432,2,71.15,0,90
16,509,1,63.6,1,90
18,440,3,91.25,0,90
8,116,1,74.49,0,90
38,148,3,73.51,0,90
1,411,1,81.9,1,90
39,29,3,63.91,1,90
26,296,2,93.65,0,90
16,75,3,74.33,2,90
25,344,3,67.73,1,90
30,331,0,78.46,0,90
8,246,1,80.91,2,90
33,336,0,70.6,0,90
39,223,0,93.52,0,90
11,110,0,67.29,1,90
31,95,3,66.27,2,90
6,224,1,62.79,1,90
20,309,2,95.56,2,90
5,493,1,77.66,2,90
16,442,1,68.74,0,90
39,337,1,90.8,1,90
30,191,1,73.84,1,90
17,391,3,81.11,2,90
9,265,3,88.98,0,90
37,281,2,85.64,2,90
15,517,1,64.76,0,90
16,125,3,63.1,0,90
21,242,2,95.85,0,90
21,76,2,77.21,2,90
6,431,0,67.32,2,90
4,290,1,85.24,1,90
21,122,0,72.31,1,90
35,169,0,81.54,0,90
33,21,2,69.66,2,90
9,459,0,89.37,0,90
30,419,1,74.88,1,90
18,133,0,92.39,0,90
23,66,0,66.91,0,90
15,380,2,64.76,2,90
36,519,0,85.08,0,90
8,202,0,91.9,1,90
6,105,0,88.95,1,90
12,490,1,86.61,2,90
8,310,0,69.29,1,90
19,513,2,72.43,2,90
37,240,0,86.58,2,90
11,19,3,83.85,1,90
31,371,3,98.2,0,90
28,288,1,67.5,2,90
19,186,2,96.59,1,90
16,354,1,88.13,2,90
34,211,2,92.5,2,90
30,20,0,72.33,1,90
32,454,2,75.92,1,90
26,218,1,71.12,1,90
3,219,3,95.6,1,90
4,188,1,98.26,0,90
15,271,0,94.63,0,90
30,56,3,75.34,1,90
11,516,0,96.02,0,90
29,174,0,89.43,0,90
14,504,2,62.29,0,90
33,10,1,77.68,1,90
23,509,1,61.11,1,90
23,142,0,87.85,2,90
33,63,2,69.6,0,90
36,419,3,87.72,0,90
26,477,3,98.58,2,90
7,363,0,78.87,0,90
39,133,0,81.39,1,90
17,265,2,72.88,2,90
15,257,2,83.58,0,90
21,308,2,82.01,1,90
23,65,1,70.21,2,90
36,282,1,72.85,0,90
21,429,0,64.94,2,90
35,306,1,84.6,0,90
30,425,0,98.51,1,90
12,134,0,78.28,0,90
15,5,0,89.94,2,90
23,7,2,98.75,0,90
33,167,0,69.76,2,90
18,414,1,94.65,1,90
19,381,0,69.2,0,90
7,383,3,61.15,0,90
9,390,1,84.15,0,90
8,492,3,79.86,1,90
2,180,2,60.78,0,90
2,508,1,61.69,2,90
35,302,2,84.95,0,90
8,288,2,92.78,1,90
22,145,0,67.88,0,90
28,139,0,81.07,2,90
3,321,1,76.63,1,90
34,148,2,94.1,2,90
29,2,3,97.44,2,90
10,143,0,62.98,0,90
6,176,2,77.21,2,90
21,359,3,76.37,0,90
30,181,3,62.88,1,90
31,13,2,95.61,2,90
32,149,2,79.25,0,90
38,426,0,60.7,1,90
36,409,2,67.17,1,90
36,338,0,85.69,2,90
6,98,2,90.43,0,90
19,274,0,74.62,0,90
1,392,3,65.51,0,90
1,54,1,90.33,1,90
18,489,2,94.63,1,90
26,161,1,92.68,2,90
8,157,1,61.2,2,90
7,177,2,96.56,1,90
17,31,2,74.81,1,90
18,375,3,77.7,2,90
10,82,1,75.82,1,90
19,422,0,80.23,1,90
40,287,2,94.53,1,90
26,211,1,78.65,1,90
38,403,1,69.91,1,90
39,128,0,96.53,1,90
8,78,1,82.19,1,90
37,382,0,77.05,2,90
15,467,2,65.21,0,90
1,196,2,69.99,0,90
26,56,3,85.61,0,90
26,93,1,71.33,0,90
33,197,0,95.13,2,90
37,520,0,75.53,1,90
21,110,3,75.16,1,90
26,303,0,62.5,1,90
28,404,1,99.37,0,90
36,127,0,99.64,2,90
13,269,1,93.45,1,90
12,22,3,81.59,2,90
30,409,2,62.9,1,90
24,527,0,92.38,0,90
15,457,1,61.3,0,90
35,345,3,87.83,2,90
1,199,0,78.42,0,90
17,31,3,98.73,1,90
24,247,3,71.72,0,90
29,15,0,82.53,0,90
1,437,0,64.24,1,90
24,189,0,65.32,0,90
39,267,3,68.3,1,90
28,242,0,84.2,0,90
22,55,0,84.73,0,90
23,90,1,70.0,0,90
6,183,0,75.76,2,90
9,112,1,86.18,0,90
34,260,3,96.6,2,90
10,496,1,72.62,2,90
26,495,3,74.91,2,90
21,502,3,82.34,0,90
32,21,2,97.99,2,90
18,21,1,85.89,1,90
24,178,2,79.85,1,90
5,435,0,86.41,0,90
12,336,3,88.5,0,90
37,127,3,83.45,0,90
15,227,1,99.48,2,90
27,54,0,68.43,1,90
20,126,0,61.65,0,90
2,259,3,76.81,2,90
27,436,2,72.45,1,90
10,164,0,72.86,2,90
3,190,0,87.6,0,90
30,355,1,82.85,1,90
32,202,1,70.31,1,90
21,122,0,95.11,1,90
7,237,1,90.74,0,90
9,101,2,93.4,1,90
13,399,1,97.43,2,90
7,81,0,82.67,2,90
36,40,3,83.14,1,90
13,182,3,99.12,0,90
39,390,1,83.45,1,90
6,427,1,76.45,0,90
16,459,2,86.62,0,90
12,426,0,75.4,1,90
38,339,1,72.2,0,90
29,358,1,73.37,2,90
39,46,0,93.01,1,90
32,515,2,64.24,2,90
25,249,2,65.86,0,90
17,405,3,79.95,0,90
7,340,3,62.68,2,90
37,171,3,92.23,1,90
1,292,3,79.86,1,90
9,89,1,99.77,1,90
7,395,1,92.48,2,90
10,95,2,79.82,2,90
16,424,2,64.01,0,90
31,95,3,80.93,0,90
2,487,1,96.86,1,90
20,453,2,61.84,0,90
34,184,1,91.9,1,90
32,308,3,86.86,1,90
20,475,3,87.25,1,90
25,92,1,64.98,0,90
31,200,0,80.08,0,90
25,495,2,76.96,2,90
16,497,3,74.21,0,90
19,287,1,77.55,0,90
33,435,3,68.97,1,90
5,254,1,72.21,0,90
11,176,2,67.65,1,90
12,171,2,72.59,0,90
33,309,0,63.22,1,90
23,36,0,98.55,0,90
6,375,1,60.01,2,90
31,219,0,67.67,1,90
37,254,1,78.76,0,90
9,62,2,61.41,2,90
22,485,1,77.79,0,90
23,71,2,72.92,1,90
39,408,0,68.64,2,90
24,157,1,94.67,2,90
39,27,2,71.81,2,90
2,181,0,93.85,2,90
4,176,0,64.5,0,90
21,381,1,95.94,2,90
30,180,2,61.06,0,90
18,365,3,99.95,2,90
27,227,3,69.15,0,90
21,210,2,99.69,1,90
11,368,2,86.59,2,90
28,78,0,78.17,1,90
1,311,1,80.24,0,90
16,178,2,87.56,2,90
21,52,1,98.78,2,90
29,411,3,71.5,0,90
18,417,3,72.36,2,90
29,204,3,97.12,2,90
14,211,3,98.31,0,90
22,510,3,87.46,1,90
2,371,0,99.19,1,90
11,132,1,94.79,2,90
29,115,1,95.53,1,90
29,213,2,96.5,0,90
10,145,2,60.7,2,90
19,122,1,88.5,1,90
20,459,0,67.28,2,90
34,258,0,70.63,2,90
14,318,3,96.61,1,90
16,24,1,70.93,2,90
6,136,1,76.38,1,90
1,18,3,92.55,1,90
11,283,0,70.72,0,90
15,454,0,92.65,1,90
12,75,2,64.33,1,90
13,507,1,81.4,2,90
8,29,0,84.36,1,90
3,487,2,84.85,1,90
12,244,2,91.36,2,90
32,461,3,84.48,2,90
31,78,0,85.88,1,90
10,488,0,91.21,0,90
5,153,3,86.39,0,90
2,468,3,61.78,2,90
34,173,0,67.47,1,90
14,151,1,93.53,2,90
2,360,0,95.36,0,90
24,112,1,61.84,1,90
25,172,2,63.26,0,90
12,35,0,61.33,1,90
27,101,1,67.7,0,90
2,89,0,96.07,2,90
27,465,0,77.98,2,90
29,362,1,99.38,1,90
35,330,2,88.85,0,90
13,447,1,71.21,2,90
1,124,0,80.95,0,90
15,35,1,90.86,2,90
37,261,2,83.01,0,90
19,480,2,69.11,2,90
29,197,2,86.6,0,90
34,66,3,92.59,0,90
7,334,2,74.3,2,90
29,25,3,86.87,1,90
34,216,3,63.4,0,90
40,54,3,73.02,0,90
33,135,2,85.76,2,90
38,173,0,63.41,2,90
38,186,0,82.86,1,90
3,300,1,87.66,1,90
26,311,0,95.17,2,90
6,498,0,79.02,1,90
13,464,2,90.57,1,90
7,521,2,99.17,2,90
4,74,1,74.58,2,90
3,421,0,78.08,1,90
30,180,3,62.46,0,90
28,253,1,86.91,2,90
35,369,1,89.81,0,90
17,1,1,95.16,2,90
20,246,1,79.91,0,90
27,140,1,70.97,2,90
25,111,1,78.18,1,90
38,361,1,88.37,2,90
20,31,3,90.41,1,90
16,230,1,69.31,2,90
8,473,2,65.93,2,90
29,478,2,78.51,0,90
10,150,1,75.24,0,90
22,304,2,96.25,2,90
10,475,0,92.07,0,90
19,41,2,83.0,2,90
7,125,3,92.65,2,90
27,27,1,81.89,0,90
23,224,3,84.18,2,90
32,56,0,83.1,0,90
23,525,3,71.11,2,90
7,153,1,80.61,1,90
40,517,0,92.73,2,90
2,26,1,81.66,1,90
29,170,3,75.71,0,90
10,479,3,66.44,2,90
38,153,3,94.13,0,90
23,241,2,86.51,1,90
26,409,3,97.98,1,90
21,45,1,94.67,1,90
32,287,1,95.99,0,90
5,388,3,81.65,1,90
1,238,2,88.97,0,90
2,224,0,74.22,0,90
38,498,2,83.78,1,90
9,65,0,71.4,2,90
36,273,0,73.35,0,90
29,444,3,68.99,2,90
30,293,0,66.06,0,90
4,51,2,60.25,2,90
20,340,3,60.43,1,90
38,422,0,60.51,2,90
29,526,2,77.46,0,90
12,210,2,68.77,0,90
6,507,2,63.85,0,90
12,267,0,96.61,0,90
25,189,2,79.15,0,90
24,178,1,75.21,1,90
31,438,2,64.91,1,90
24,472,3,74.99,2,90
9,366,1,89.49,0,90
29,199,1,83.14,0,90
29,213,3,94.93,2,90
17,388,3,61.36,2,90
39,470,0,76.48,2,90
2,492,1,98.21,1,90
12,242,0,63.14,1,90
16,318,3,71.28,1,90
8,196,0,67.61,0,90
7,272,0,79.51,0,90
21,207,3,62.36,2,90
3,80,2,80.27,2,90
32,477,1,60.96,2,90
1,247,2,73.74,1,90
35,4,1,85.47,1,90
11,226,0,75.61,1,90
8,443,1,79.28,2,90
17,457,2,76.52,1,90
16,129,3,88.35,2,90
13,83,3,63.15,1,90
40,289,0,93.91,2,90
11,244,1,86.84,0,90
14,107,3,67.78,0,90
17,229,1,63.31,0,90
6,362,2,67.54,2,90
35,240,0,64.42,2,90
39,118,1,85.93,0,90
34,81,0,85.58,2,90
3,112,2,65.79,0,90
31,517,3,90.55,2,90
27,94,1,91.01,2,90
9,398,0,99.7,2,90
14,14,1,69.89,1,90
16,234,0,69.61,1,90
28,243,2,87.34,0,90
10,180,0,81.27,0,90
27,81,3,61.52,1,90
14,456,3,62.96,1,90
5,331,2,98.68,2,90
23,516,2,71.75,1,90
26,143,2,64.12,1,90
13,161,1,83.9,1,90
21,126,0,64.42,1,90
25,386,3,92.87,0,90
6,206,3,77.89,2,90
9,85,0,91.72,1,90
18,47,2,86.03,0,90
28,147,0,99.49,2,90
26,112,0,60.82,1,90
17,249,3,64.46,2,90
29,247,3,98.3,0,90
14,376,2,97.59,2,90
1,303,2,90.35,0,90
34,233,3,79.94,1,90
24,400,0,60.87,0,90
6,223,3,93.9,2,90
16,215,1,63.19,0,90
6,493,3,91.46,1,90
37,448,1,82.88,1,90
20,497,3,85.91,2,90
9,162,1,95.04,1,90
10,102,2,64.9,0,90
40,253,2,93.36,0,90
24,140,2,85.77,1,90
37,208,3,91.72,0,90
18,108,1,86.59,2,90
33,524,3,67.59,1,90
34,113,3,86.43,2,90
20,406,2,92.52,2,90
5,437,1,85.47,2,90
20,491,3,83.29,2,90
38,252,0,74.03,2,90
30,41,3,94.12,2,90
13,328,1,76.34,1,90
40,60,1,76.38,0,90
1,243,0,80.24,2,90
16,448,2,95.43,2,90
18,393,1,66.46,0,90
29,114,0,97.58,0,90
14,66,0,76.35,1,90
18,527,3,94.44,0,90
32,358,3,67.51,0,90
28,458,0,90.47,1,90
30,11,0,96.3,0,90
5,77,2,68.04,2,90
14,264,3,82.4,1,90
15,455,0,72.63,1,90
6,218,2,63.24,0,90
14,240,3,87.42,0,90
37,79,0,68.85,0,90
34,252,3,84.77,0,90
10,528,1,66.82,2,90
16,241,2,98.58,1,90
18,13,1,97.46,2,90
38,417,2,88.39,0,90
1,411,1,60.96,1,90
33,178,0,64.61,0,90
21,494,0,60.42,1,90
6,263,2,80.06,1,90
10,136,1,74.39,0,90
37,350,0,68.57,1,90
38,224,3,90.73,2,90
10,126,1,80.92,0,90
25,303,2,68.3,2,90
18,147,3,61.4,0,90
3,237,1,92.08,1,90
15,285,0,63.65,1,90
35,420,2,63.18,2,90
21,78,2,97.96,2,90
34,218,3,88.42,2,90
13,421,0,73.28,1,90
40,477,1,74.5,2,90
5,294,1,82.43,1,90
10,146,1,89.16,1,90
37,244,0,69.73,0,90
24,285,2,97.41,2,90
24,137,3,79.49,1,90
12,251,2,80.7,1,90
12,151,2,95.88,2,90
31,186,3,88.53,2,90
25,400,2,61.85,2,90
14,435,1,91.5,0,90
21,40,2,61.73,1,90
32,50,0,75.35,2,90
28,497,1,81.52,1,90
27,58,3,68.5,1,90
2,447,1,65.77,2,90
40,296,2,80.95,1,90
40,294,2,95.23,1,90
20,252,0,68.7,2,90
34,40,0,87.23,0,90
6,353,0,61.8,2,90
16,500,1,95.22,0,90
28,328,1,78.16,0,90
18,182,3,88.34,2,90
24,245,1,67.18,0,90
24,166,3,60.13,0,90
37,476,1,85.01,2,90
33,391,0,69.94,0,90
38,451,1,97.19,0,90
13,389,0,88.42,2,90
18,189,0,71.86,1,90
19,276,1,81.2,0,90
27,262,1,65.94,2,90
32,211,0,72.5,1,90
1,231,1,71.3,2,90
13,454,1,81.87,2,90
30,381,0,61.01,0,90
9,224,0,67.23,0,90
36,499,3,95.52,1,90
3,4,1,96.25,1,90
29,118,3,67.23,0,90
7,33,1,65.65,1,90
6,185,2,96.87,0,90
13,400,1,61.53,1,90
26,360,3,90.02,2,90
40,322,0,77.18,1,90
23,30,2,93.78,0,90
39,287,2,90.48,2,90
12,6,2,72.27,0,90
1,472,3,98.4,2,90
21,64,1,67.29,1,90
8,273,3,99.17,0,90
20,431,1,75.08,2,90
10,297,2,85.5,1,90
26,356,1,83.61,2,90
37,91,0,76.29,1,90
4,365,1,84.93,2,90
34,298,2,65.58,0,90
26,88,1,85.11,0,90
17,115,1,69.3,1,90
24,63,1,93.03,1,90
9,320,3,84.83,1,90
13,465,3,64.74,0,90
1,158,0,65.72,1,90
30,186,1,69.47,1,90
12,171,1,63.26,0,90
4,464,3,94.02,1,90
29,12,2,71.43,2,90
38,359,2,67.42,2,90
27,101,1,77.28,0,90
11,437,0,76.73,2,90
36,150,0,72.82,1,90
13,127,0,76.82,2,90
1,152,1,61.51,1,90
30,154,1,75.3,1,90
13,107,2,66.2,2,90
11,67,2,71.7,1,90
16,241,0,82.65,0,90
40,318,3,77.24,0,90
8,320,1,87.3,1,90
27,84,1,65.89,2,90
36,194,0,96.93,1,90
28,176,1,88.15,0,90
19,257,0,81.32,2,90
21,122,1,96.92,2,90
32,104,2,98.04,1,90
32,200,1,62.2,2,90
35,73,2,96.09,2,90
34,484,2,88.17,2,90
1,302,1,65.98,1,90
28,503,3,63.93,1,90
7,336,2,85.45,1,90
30,318,2,99.99,2,90
36,246,1,84.78,0,90
26,162,1,92.71,1,90
34,68,1,72.67,2,90
15,469,3,60.37,1,90
31,503,0,95.11,2,90
40,263,3,80.91,2,90
8,217,3,88.26,1,90
36,362,1,71.57,2,90
23,267,2,71.14,1,90
28,3,1,99.53,0,90
31,28,1,65.68,2,90
20,264,1,60.67,0,90
2,68,1,74.56,1,90
22,272,2,83.75,2,90
36,26,1,64.33,0,90
29,241,3,74.27,0,90
15,105,2,72.97,0,90
10,410,0,93.35,1,90
11,56,1,60.44,1,90
31,520,1,89.5,2,90
11,113,0,83.86,2,90
37,12,3,79.64,2,90
21,191,3,86.37,2,90
25,409,0,76.08,1,90
23,421,0,74.49,0,90
5,135,1,71.0,2,90
5,68,3,74.56,0,90
21,97,2,83.36,2,90
8,308,0,81.25,2,90
13,38,2,96.13,2,90
9,358,2,64.74,2,90
40,358,0,89.92,1,90
39,241,2,87.21,2,90
20,299,2,97.15,0,90
10,482,1,97.04,0,90
20,290,2,91.82,1,90
4,102,2,88.93,1,90
38,113,1,89.36,1,90
12,259,2,70.6,2,90
26,162,0,82.77,2,90
9,180,1,90.69,0,90
32,264,1,64.3,2,90
2,295,2,67.88,2,90
13,229,2,94.69,1,90
1,230,0,60.33,2,90
33,327,0,90.32,0,90
11,88,3,70.86,1,90
33,227,0,79.21,0,90
20,414,3,94.67,0,90
33,68,2,98.74,2,90
8,243,3,94.76,1,90
23,99,1,93.3,1,90
11,371,2,63.38,2,90
16,527,1,72.15,0,90
20,212,3,89.75,1,90
26,355,3,99.64,0,90
37,164,0,67.41,1,90
10,482,3,74.24,0,90
34,368,1,79.39,1,90
7,419,0,84.3,0,90
26,418,3,95.15,2,90
39,158,1,92.35,0,90
1,413,2,66.39,1,90
24,213,3,84.47,0,90
23,462,1,62.46,1,90
13,99,1,69.64,2,90
2,21,2,65.32,1,90
6,300,1,79.44,1,90
27,45,3,83.18,2,90
33,101,3,67.59,1,90
20,235,2,77.89,2,90
14,421,0,94.24,0,90
40,1,2,90.84,1,90
39,466,3,77.65,0,90
24,337,0,96.7,1,90
30,195,0,87.07,1,90
17,23,3,90.96,0,90
2,477,3,64.33,2,90
6,221,3,73.34,2,90
25,290,1,84.95,0,90
17,77,0,73.12,1,90
16,332,1,88.57,2,90
21,175,3,61.94,2,90
1,12,1,97.9,1,90
26,241,1,85.04,1,90
12,387,2,97.35,0,90
4,488,1,81.54,2,90
24,272,2,62.68,2,90
32,473,3,73.12,0,90
11,134,3,63.72,0,90
40,41,3,70.87,2,90
32,20,3,61.43,0,90
28,214,0,79.68,0,90
29,181,0,95.11,2,90
38,292,3,86.43,1,90
6,65,1,72.73,2,90
13,317,3,79.79,2,90
30,7,2,81.96,0,90
33,517,3,83.61,1,90
36,210,2,85.67,0,90
27,511,3,75.29,1,90
2,396,3,76.84,0,90
34,333,1,71.74,2,90
21,64,2,60.59,2,90
11,459,2,77.89,2,90
35,299,1,76.96,2,90
8,426,3,67.84,1,90
18,300,2,79.38,2,90
16,281,1,89.95,2,90
12,236,2,83.34,1,90
16,109,0,89.28,0,90
40,127,2,83.12,2,90
34,340,0,93.03,2,90
9,257,0,65.38,1,90
3,57,0,63.79,0,90
10,278,3,94.74,1,90
24,494,2,95.47,2,90
1,18,0,98.69,0,90
5,141,0,70.01,2,90
36,489,3,81.09,0,90
34,362,3,68.53,0,90
13,449,3,76.38,1,90
24,287,2,67.01,0,90
8,481,2,61.33,0,90
8,515,0,97.57,0,90
22,298,0,97.21,0,90
20,13,1,61.37,2,90
21,360,3,72.13,2,90
22,278,3,64.72,1,90
19,137,2,97.13,1,90
10,234,2,82.09,1,90
32,462,0,66.3,2,90
32,100,3,72.04,0,90
19,162,0,89.07,2,90
1,493,3,62.52,2,90
37,284,1,97.6,1,90
2,217,0,71.97,0,90
28,260,2,94.42,1,90
16,66,0,83.1,1,90
19,386,2,85.57,1,90
8,301,3,79.74,1,90
2,392,2,77.96,2,90
33,181,2,66.4,0,90
31,47,0,74.27,2,90
5,361,1,99.27,0,90
33,244,1,84.01,1,90
18,247,1,86.27,1,90
17,98,1,89.25,2,90
19,433,0,73.69,2,90
35,7,3,88.44,1,90
24,237,1,97.2,2,90
7,148,0,87.93,2,90
4,157,2,78.3,2,90
31,105,2,89.2,1,90
2,52,3,92.04,1,90
35,191,1,61.92,1,90
14,170,2,94.54,2,90
31,173,2,83.48,1,90
7,367,3,81.85,1,90
14,237,2,80.04,1,90
28,395,0,71.27,1,90
16,215,0,94.78,2,90
1,467,1,67.6,0,90
16,418,1,73.92,2,90
39,307,0,99.19,1,90
19,508,3,71.55,1,90
10,385,3,90.73,2,90
26,241,3,78.64,1,90
5,104,1,94.06,0,90
36,350,1,87.64,0,90
38,179,1,99.09,1,90
14,117,2,81.64,2,90
25,139,1,84.78,1,90
2,312,2,94.82,1,90
15,394,1,65.83,1,90
14,390,1,77.83,1,90
8,235,1,65.67,1,90
7,232,1,94.58,0,90
30,110,0,61.04,1,90
19,59,3,89.53,0,90
28,2,2,74.41,2,90
36,417,2,64.35,0,90
8,229,3,74.96,1,90
4,147,3,65.1,1,90
36,62,1,82.61,1,90
12,309,0,90.38,1,90
33,395,1,80.53,1,90
25,222,3,91.12,0,90
36,409,1,83.25,1,90
37,257,0,94.84,0,90
4,72,1,65.66,1,90
31,440,3,83.4,2,90
14,320,0,70.0,1,90
39,299,3,72.88,0,90
7,348,1,89.6,2,90
16,292,1,81.83,2,90
34,509,1,85.71,2,90
9,494,2,64.63,1,90
33,432,2,79.75,1,90
18,130,2,95.65,1,90
5,329,0,95.94,1,90
1,110,0,89.86,1,90
25,334,1,63.56,1,90
1,263,2,73.45,0,90
13,370,0,73.94,1,90
3,29,1,80.63,0,90
35,523,2,72.59,0,90
39,29,0,77.0,0,90
7,173,0,72.82,0,90
16,116,2,68.84,0,90
19,242,2,67.1,2,90
16,337,0,82.64,2,90
34,322,2,87.5,0,90
13,500,0,87.71,1,90
9,211,2,87.56,2,90
11,440,1,60.84,0,90
4,36,1,97.12,0,90
7,122,3,89.83,0,90
16,380,1,64.76,2,90
3,124,2,92.64,1,90
24,123,2,63.8,0,90
20,206,1,87.26,1,90
12,49,3,65.34,0,90
32,74,0,66.77,1,90
16,49,0,65.57,0,90
1,187,0,90.83,1,90
3,135,2,91.54,1,90
25,10,1,94.06,2,90
16,190,3,91.53,0,90
14,147,0,61.22,2,90
21,465,3,98.75,2,90
11,505,0,63.37,2,90
3,396,2,85.44,0,90
37,502,1,61.87,1,90
4,124,3,61.58,0,90
27,70,0,96.51,1,90
39,447,1,78.86,0,90
